{"count":1,"self":511.12458239999995,"total":3072.7690414,"children":{"InitializeActuators":{"count":16,"self":0.00099739999999999985,"total":0.00099739999999999985,"children":null},"InitializeSensors":{"count":16,"self":0.0029920999999999997,"total":0.0029920999999999997,"children":null},"AgentSendState":{"count":830717,"self":87.5261312,"total":130.4919986,"children":{"CollectObservations":{"count":2658304,"self":5.76971,"total":5.7697101,"children":null},"WriteActionMask":{"count":2658304,"self":0.71212559999999991,"total":0.71212559999999991,"children":null},"RequestDecision":{"count":2658304,"self":5.1015592,"total":36.484029299999996,"children":{"AgentInfo.ToProto":{"count":2658304,"self":3.3996619999999997,"total":31.3824702,"children":{"GenerateSensorData":{"count":2658304,"self":23.5763568,"total":27.982808199999997,"children":{"RayPerceptionSensor.Perceive":{"count":7974912,"self":4.4064512,"total":4.406451,"children":null}}}}}}}}},"DecideAction":{"count":830717,"self":2391.2890368,"total":2391.2890082999998,"children":null},"AgentAct":{"count":830717,"self":39.713897599999996,"total":39.8505128,"children":{"AgentInfo.ToProto":{"count":7742,"self":0.018976899999999998,"total":0.13661579999999998,"children":{"GenerateSensorData":{"count":7742,"self":0.104699,"total":0.11763889999999999,"children":{"RayPerceptionSensor.Perceive":{"count":23226,"self":0.012939899999999999,"total":0.012939899999999999,"children":null}}}}}}},"AgentInfo.ToProto":{"count":1093,"self":0,"total":0.0089581,"children":{"GenerateSensorData":{"count":1093,"self":0.0079613,"total":0.0089581,"children":{"RayPerceptionSensor.Perceive":{"count":3279,"self":0.0009968,"total":0.0009968,"children":null}}}}}},"gauges":{"AircraftLearning.CumulativeReward":{"count":8835,"max":23.99925,"min":-3.036206,"runningAverage":4.82826471,"value":22.99926,"weightedAverage":18.9561977}},"metadata":{"timer_format_version":"0.1.0","start_time_seconds":"1649415364","unity_version":"2021.2.7f1","command_line_arguments":"H:\\Unity Editors\\2021.2.7f1\\Editor\\Unity.exe -projectpath H:\/Unity Projects\/Aircraft-ML-RL -useHub -hubIPC -cloudEnvironment production -hubSessionId 76d902a0-b721-11ec-919f-95214f7ef04d","communication_protocol_version":"1.5.0","com.unity.ml-agents_version":"2.0.1","scene_name":"Training","end_time_seconds":"1649418437"}}