{"count":1,"self":293.6181504,"total":1262.3744649999999,"children":{"InitializeActuators":{"count":16,"self":0.0009975,"total":0.0009975,"children":null},"InitializeSensors":{"count":16,"self":0.0019943,"total":0.0019943,"children":null},"AgentSendState":{"count":446534,"self":50.8589184,"total":75.1527251,"children":{"CollectObservations":{"count":1428912,"self":2.9922283999999997,"total":2.9922283,"children":null},"WriteActionMask":{"count":1428912,"self":0.37560279999999996,"total":0.37560279999999996,"children":null},"RequestDecision":{"count":1428912,"self":2.8635371999999997,"total":20.9259743,"children":{"AgentInfo.ToProto":{"count":1428912,"self":1.8762585999999999,"total":18.062437199999998,"children":{"GenerateSensorData":{"count":1428912,"self":13.629969599999999,"total":16.186178599999998,"children":{"RayPerceptionSensor.Perceive":{"count":4286736,"self":2.556209,"total":2.556209,"children":null}}}}}}}}},"DecideAction":{"count":446534,"self":861.2066304,"total":861.2066563,"children":null},"AgentAct":{"count":446534,"self":32.247344,"total":32.2862387,"children":{"AgentInfo.ToProto":{"count":1894,"self":0.0029917999999999998,"total":0.0388942,"children":{"GenerateSensorData":{"count":1894,"self":0.032912699999999996,"total":0.0359024,"children":{"RayPerceptionSensor.Perceive":{"count":5682,"self":0.0029896999999999996,"total":0.0029896999999999996,"children":null}}}}}}},"AgentInfo.ToProto":{"count":3991,"self":0.013958199999999999,"total":0.10670239999999999,"children":{"GenerateSensorData":{"count":3991,"self":0.0787803,"total":0.0927442,"children":{"RayPerceptionSensor.Perceive":{"count":11973,"self":0.0139639,"total":0.0139639,"children":null}}}}}},"gauges":{"AircraftLearning.CumulativeReward":{"count":5885,"max":22.4993267,"min":-2.06001,"runningAverage":3.12037539,"value":15.263031,"weightedAverage":14.7239828}},"metadata":{"timer_format_version":"0.1.0","start_time_seconds":"1649709468","unity_version":"2021.2.7f1","command_line_arguments":"H:\\Unity Editors\\2021.2.7f1\\Editor\\Unity.exe -projectpath H:\/Unity Projects\/Aircraft-ML-RL -useHub -hubIPC -cloudEnvironment production -hubSessionId bd1c8fb0-b984-11ec-ad3d-a7a48af55718","communication_protocol_version":"1.5.0","com.unity.ml-agents_version":"2.0.1","scene_name":"Training","end_time_seconds":"1649710730"}}